child (1).wav,-321.89706,130.06052,-32.36924,1.8595548,-29.990675,11.254742,-3.8346026,18.077917,4.7500167,-9.595977,7.200786,-1.1116607,2.0494316,0.227239,0.014210608,-0.029862508,-0.027545908,-0.07469507,-0.027493717,-0.017981503,0.012184573,0.0024250695,-0.033901986,-0.027042316,-0.027080966,-0.009535751,0.07167327,0.033137847,-0.01511757,-0.03694311,0.0036214273,-0.032597624,-0.006862703,-0.015421295,-0.0063442495,0.0037074254,-0.005711125,-0.012325299,-0.010266177
child (10).wav,-310.59644,126.3193,-59.963615,22.511662,-18.16449,21.352589,0.3447476,7.913798,10.253669,-7.3907943,-9.178198,3.1021135,-1.4818426,0.008281034,-0.034689333,-0.002860373,0.057596263,-0.0019533958,0.0011896376,-0.0009959523,-0.021868259,0.01640781,0.00861814,-0.020591082,-0.027557967,0.0063064164,-0.0206816,-0.007858488,0.0019203289,0.001283783,0.007585306,-0.004401267,-0.0063170022,-0.011195794,-0.011849129,0.0024874134,0.006830053,0.0026290668,-0.0016842164
child (11).wav,-360.82397,140.49455,-41.484695,-0.22114216,-3.4041233,1.0986332,-13.866033,15.258968,9.229017,-9.5469675,4.056701,9.096901,3.2197618,0.08725839,0.06334819,-0.017529905,-0.016491124,0.01151277,0.006235852,-0.021302849,-0.031893726,-0.00047362756,0.02068013,0.007038017,-0.00354225,-0.008938909,-0.040870156,-0.02067669,0.009627996,0.0009288093,-0.005509818,0.002791109,0.008307116,-0.010179654,0.00981188,0.014989728,-0.007851079,0.0013158544,-0.0053344397
child (12).wav,-380.05148,124.52058,-54.487354,-13.425292,-0.015929533,16.457272,5.5112348,11.033122,18.321562,2.2394364,-3.3813932,11.20093,2.1088915,0.0841406,-0.0033472,-0.08427937,-0.014586531,-0.00015339901,0.03924111,0.02810836,-0.028215589,0.029601155,0.006775623,-0.019963322,0.041248057,0.014772774,0.021864368,-0.006812113,-0.02425763,-0.011375832,-0.007154978,-0.008502639,-0.0134539055,0.005838641,0.018925106,-0.00067560445,-0.017115997,0.006311528,-0.010370901
child (13).wav,-318.52426,126.78666,-62.25802,-9.380488,-3.867649,10.88028,-10.574519,6.487962,7.977154,6.2443213,4.3240266,4.069805,4.499741,-0.13546616,0.0051652407,-0.05452594,-0.018015182,0.11418905,0.020392343,0.030931948,-0.059981845,0.009072936,0.024585446,-0.0012845411,-0.011576936,-0.022731014,-0.011523484,0.015861165,0.020138388,-0.011896865,0.004656532,-0.0047686966,0.004982964,0.010241868,-0.00997395,0.0031486577,0.0012645223,0.0011828563,0.003776593
child (14).wav,-324.03476,153.2099,-47.59566,-28.421917,7.701781,-1.1291302,0.656124,13.506607,5.4404984,-12.919538,-4.8068147,9.341375,-3.378659,-0.086958595,-0.015303872,-0.036463,-0.07790249,-0.0028132808,-0.006021424,-0.0032166063,-0.013250633,-0.0033827776,-0.016246513,-0.0024590725,0.0056551658,-0.015820963,-0.024180612,-0.018934835,-0.0096639125,-0.006607895,0.0024170764,0.0035146284,-0.003794202,-0.009825522,0.00058028736,0.0037843667,-0.0013417425,-0.0059166783,-0.0016391358
child (15).wav,-318.08798,164.35294,-66.86765,-40.658035,2.0489354,11.863364,2.363554,4.0527596,5.8647375,-5.4078164,-2.5779386,-0.90763474,-7.8336625,0.028513039,-0.042618193,0.020481238,0.028807916,-0.054735128,0.01822608,0.022980304,0.02276385,0.0035911552,-0.023975529,-0.031995393,-0.0041053584,0.009816539,0.031538144,0.023310883,0.0068276026,0.008591965,-0.00985165,-0.0071349973,0.005051565,-0.0054460065,-0.009940595,-0.0013787335,0.009372362,0.0029423644,0.00305882
child (16).wav,-366.2371,126.41016,-76.12329,23.469656,-18.82548,18.383236,17.571402,14.400409,0.42756245,-16.90169,2.6421876,14.506605,-8.090941,-0.073807836,-0.015302075,-0.05006016,-0.004578564,0.016936691,-0.04056699,0.02531478,-0.011793779,0.0060485466,-0.02066846,-0.012567469,-0.010806425,-0.00858809,-0.061635196,0.016436243,0.03288216,-0.014139034,-0.008724838,-0.021823421,0.003995109,-0.017687464,-0.015335801,0.0036237114,-0.0063686436,-0.0083244955,-0.0010286841
child (17).wav,-319.8356,142.82233,-65.32017,7.6702275,-21.447569,24.790422,1.4841207,20.55258,12.327829,-30.842379,-4.685254,-0.9172237,-2.4695628,0.018185833,0.00015709395,-0.060346678,-0.02134535,0.017041525,-0.0023770393,-0.032112915,-0.021128729,0.002081008,-0.055393443,-0.011851496,0.0070058554,-0.009201217,0.012809735,0.008340939,0.0022925793,0.0076347576,-0.010586565,-0.009606131,-0.0041499543,-0.020761987,-0.01666911,0.010427903,0.013593932,-0.015454476,-0.004919602
child (18).wav,-407.93442,147.32025,-13.8871355,-27.965775,-18.79257,27.929962,13.503936,-3.5083675,-12.484873,2.066974,20.120779,13.422313,-3.206209,-0.08418055,-0.028189262,0.01833767,-0.02416757,-0.01291061,0.02791872,0.0046012737,-0.019919353,0.0028032393,-0.00020862077,0.020550987,-0.0037181694,-0.022958916,-0.03465079,-0.011161341,-0.004697236,0.011817841,0.02670186,-0.014440691,-0.0032192506,0.0028139313,0.005439732,0.003634502,-0.01639608,-0.016588965,-0.005568155
child (19).wav,-316.929,122.0127,-58.398216,-1.3543701,-23.124647,22.551704,2.0181155,14.28008,7.0739083,-13.87037,-3.351842,-6.543383,1.9032333,-0.068611965,-0.018812647,-0.024308277,-0.061733674,-0.022307495,0.0021624798,-0.0011112386,-0.015598886,0.009114229,-0.02389362,-0.011842032,-0.0034118327,-0.00085345225,0.022734987,0.013054861,-0.00817073,0.010194878,-0.0005919076,-0.027587976,-0.0146874,-0.021036465,-0.012687742,0.009086497,0.0037487303,0.004269306,-0.00043507534
child (2).wav,-414.5201,154.38477,-2.7063754,1.772215,5.0949707,7.407814,0.25313646,8.488069,-3.1985164,-8.223257,-2.227502,3.6858408,-1.1634499,0.08890772,-0.01627733,-0.08403932,0.024333168,-0.04121933,-0.012330975,0.027693534,0.02372799,0.021068987,0.002887337,0.015242431,0.00029824575,-0.019040016,-0.04365779,-0.007651461,0.06857036,0.010445032,-0.012175453,0.0138370795,0.024931291,0.008676753,0.005932893,-0.0113821905,-0.022361802,0.004638229,0.0005018284
child (20).wav,-407.43143,139.12492,8.321066,-1.7930273,-13.15322,10.513854,10.13914,4.3620734,0.56608415,0.20566355,3.8828533,5.894422,-1.7230027,0.021116186,0.09177503,-0.077548295,-0.08471534,-0.018991686,-0.03196904,0.08462552,-0.05221908,-0.009022718,-0.004279428,0.035638496,0.00416465,-0.025433438,-0.04961173,-0.025599109,0.02673268,-0.009100513,-0.0023133943,-0.018307019,-0.022112532,-0.01582162,-0.009806698,-0.0054416335,0.003023753,-0.003999377,-0.009314181
child (21).wav,-308.705,123.57629,-60.25683,12.697336,-20.338352,24.199234,-4.0636835,9.920334,0.8806496,-24.933125,-0.7510764,1.8078097,4.303355,-0.065979615,-0.03437592,-0.05749245,-0.043490093,0.0048894226,-0.003336969,0.013461817,0.0007631577,0.019443298,0.0022300729,0.006412696,-0.0009223354,0.00456598,-0.0026528472,0.0030145498,0.00059940503,-0.011167116,-0.01466722,-0.015436579,-0.0073835817,0.001187396,0.0005395099,0.008011727,0.0015705205,-0.011752108,-0.006007624
child (22).wav,-323.09216,141.82855,-61.5259,3.0224047,-16.004591,14.706907,-8.620631,7.857238,26.852215,-0.4642821,-0.7711222,7.602619,12.914279,-0.08279336,-0.017502533,0.049742803,0.010927565,0.005646523,-0.0015821812,-0.010188005,-0.005546426,-0.005507298,-0.011645413,0.0006635534,-0.010148744,-0.014465023,-0.023827389,-0.007798041,0.007160852,0.0063855555,0.0056686075,-0.004857107,0.001905792,0.0018662077,0.0006168558,-0.0013901809,-0.0019142283,0.0012674967,-0.0044187955
child (23).wav,-346.0609,130.74277,-43.08355,3.1226203,-19.665993,20.96372,-7.5974646,20.29141,10.878475,-4.853038,16.071735,6.515935,-4.1330338,0.01610042,0.06007608,-0.009732782,0.0019868405,0.024221541,-0.036957134,0.0003490382,0.019068576,-0.0018056298,0.001256478,0.031736456,-0.0074682236,0.011996911,-0.015755294,-5.73471e-06,-0.030900149,-0.022574935,-0.013900638,-0.023671227,-0.008216854,-0.018568965,0.0063619227,0.0047173686,-0.0012300989,-0.0061457884,-0.00078320724
child (24).wav,-404.7548,125.22911,-21.209349,22.593338,-12.677375,18.06609,5.5236597,16.147839,14.902155,-5.3531084,6.3429117,12.864224,1.5828198,0.016942175,0.0068186647,-0.00967363,-0.009837557,-0.0037960175,-0.0012584453,-0.0032149903,-0.0006575696,0.0038888662,-0.0022731263,-0.014388904,-0.00705336,0.0020014986,-0.013768719,0.00031746193,0.015434265,0.011573635,0.01042272,0.006351973,-0.00012080568,-0.0055517224,-0.0008905801,0.0047028298,0.002318603,0.00050257496,0.002486506
child (25).wav,-327.14606,125.68808,-55.515274,-11.52441,-18.560312,13.873089,8.766627,11.231367,16.517523,-17.284382,9.680286,23.15711,0.2306932,0.23111114,0.025977409,-0.14074604,-0.016983321,-0.008135687,0.039049797,-0.012455454,-0.023247128,-0.00044175485,-0.043154158,0.0026914706,0.009680782,-0.017648129,-0.13521086,-0.0091934465,0.056823485,-0.012963847,0.03444689,0.011006647,0.0054321038,-0.00012370799,0.013521855,0.02624986,0.004510458,0.008401971,0.005772757
child (26).wav,-315.13925,159.39308,-1.3179193,-6.574071,-24.762508,-14.2211075,-4.4916778,5.2764506,-4.6639833,-9.745506,2.540383,13.205272,9.7264,-0.17281802,0.0038115522,0.006788137,-0.052761734,0.04336193,-0.008015984,0.013535692,0.034397952,0.010272125,0.024236264,0.03432144,0.0005015385,0.007909767,0.025054734,-0.022566322,0.013576622,0.008502042,-0.016794117,-0.0018765668,-0.011706381,-0.007356061,0.004547854,0.008737174,-0.006313119,6.034853e-05,0.0022265392
child (27).wav,-251.15562,163.12637,-81.847565,4.9269114,-5.3924894,-22.577028,5.7907367,11.839824,-0.41073185,-17.634851,-2.5079577,23.202354,5.205317,-0.010587066,-0.02158269,-0.0115296915,0.03171563,0.012253195,-0.011527444,-0.03664949,-0.0049485806,-0.0029979434,-0.038910106,0.0063642333,-0.0060717887,-0.016348705,0.0069070314,-0.0018077095,-0.0028199884,-0.00963326,-0.01031117,-0.014890054,-0.006974331,-0.002803922,-0.0045112264,0.006190612,0.0034354774,-0.0100375,-0.00046546548
child (28).wav,-323.40222,156.04297,-27.047697,-11.74163,-17.952751,-0.7898715,-3.0012772,17.07548,3.6593723,-7.6310186,10.633024,11.28196,5.5653496,0.13199437,0.051313955,-0.03494181,-0.037463788,-0.032098606,0.0068770493,-0.03398292,-0.02983346,-0.031402003,-0.019962499,-0.008727171,-0.009378596,0.02147331,-0.020790266,-0.008252221,0.002588446,-0.0053545237,-0.010971777,0.00017534914,0.015629688,-0.014708013,-0.016106168,0.0068170615,-0.00053787907,-0.013114035,-0.014118506
child (29).wav,-339.27234,145.78757,-16.970194,4.3328958,-15.688894,1.758292,-12.17175,1.3793266,11.393854,1.6482018,2.97964,5.083488,9.585572,0.05630641,0.03562404,0.010969076,0.00896406,-0.016011383,-0.003134347,-0.0047277818,-0.010398965,0.004231723,-0.00029771583,0.004283417,0.0085400995,-0.007988477,0.0033353542,0.013076214,0.00039932068,-0.013839485,-0.0029737442,-0.006766927,0.0006386716,0.007990063,-0.0013669492,-0.0034922129,-0.0057864147,0.00069961423,0.0046927645
child (3).wav,-413.2753,117.15866,-46.830673,10.041176,-17.666685,26.739168,3.8702204,12.671909,24.318405,0.7920133,-0.592504,16.024405,3.6733584,0.014355883,0.008948525,-0.028543416,-0.058206487,-0.040911734,0.00059649406,0.021818649,0.027057808,-0.028760906,0.013142657,0.026096445,-0.028754627,0.0066150776,0.0012997845,0.010902954,0.016028315,-0.0044065723,-0.00722729,-0.016373606,0.013712988,0.005287084,-0.020782953,0.011711704,0.010294042,-0.0025629122,-0.0039068796
child (30).wav,-319.4001,148.7697,-8.648358,9.434544,-20.736809,-0.738027,2.3131828,10.39638,-5.5749674,-15.568326,9.985704,16.637707,2.0941095,0.023758138,0.07393935,0.0018733467,-0.05399534,-0.036240652,-0.030931039,0.032824304,0.041534,-0.000732695,-0.01690851,-0.0136020295,0.0020747483,0.009449067,0.012998815,-0.01639446,-0.0048039076,0.0043578125,-0.0042925295,-0.0034760348,-0.0095791705,-0.010577662,-0.0057626953,0.008519775,-0.0074765584,-0.012991792,0.002908759
child (31).wav,-314.93283,164.1066,-24.996576,9.737002,-17.474985,3.8851383,-13.3019,17.874105,-0.39612246,-21.218,-6.8269095,24.605528,10.212151,-0.36187795,0.016297216,0.12443387,-0.04115077,0.03445167,0.007618859,0.07385396,-0.031000225,-0.020816598,0.044939432,-0.010694165,0.011591367,0.0092628775,-0.0117891235,-0.039741233,0.010541848,-0.008653863,0.007660527,-7.455261e-05,0.010632208,0.008129347,-0.015355694,0.013332892,-0.0021359238,0.0015093738,0.0047130003
child (32).wav,-312.52347,171.66359,-10.825619,2.79236,-14.967541,3.170395,-11.1882305,4.8771124,-3.507053,-21.844332,5.461214,22.846956,20.910246,-0.023056226,-0.036175277,-0.028582228,-0.020759204,0.0009646842,0.012835966,-0.0019321543,0.011408358,0.012347416,0.013851606,0.025117898,0.017179571,0.0055205855,0.00071282743,-0.008127278,-0.008547319,-0.00062119734,0.0002385492,0.0023790824,0.0038027358,0.001856981,0.001332824,0.0014721774,-0.004843401,-0.0028051469,0.003131909
child (33).wav,-361.23395,140.77199,-21.58803,-2.4008045,-20.921263,-4.0881467,7.3033695,11.912588,17.05134,2.1306138,3.6896698,8.044357,-0.6840058,-0.11788233,-0.03818644,0.05779795,0.044081073,0.006276092,0.002217844,-0.014906905,0.010656001,0.008766477,-0.01670408,0.0041353363,-0.00043951778,0.0007180588,0.015397989,-0.0046718395,0.02487773,0.006894477,-0.0044533764,0.00015028403,-0.004670065,-0.007850865,-0.010173997,0.0014803283,0.0033682934,0.0015025863,-0.006410803
child (34).wav,-358.65424,129.6571,-59.561012,45.04561,-31.5451,21.062778,-0.32962063,17.728098,7.2400756,2.3136127,-9.817584,6.2571445,18.528288,0.07249848,-0.025140839,-0.042093992,0.051188145,-0.05743955,-0.0013913895,0.05544296,-0.029140588,0.025221255,-0.004858682,-0.011579586,0.0059594335,0.0044885413,-0.0033141563,-0.032828383,-0.01399583,0.044778287,0.011463322,-0.010934312,-0.00533983,-0.02645504,0.005646933,0.009154911,0.00034592557,0.012216748,0.0002749453
child (35).wav,-330.5963,125.964005,-59.702953,12.613786,-0.09290568,8.056099,0.4636612,19.098524,2.8143084,-1.6174034,-4.8230886,3.788117,7.996242,0.04416085,0.0005524644,0.02460386,0.020970218,-0.015661433,-0.0018453443,-0.040028475,0.007941615,0.01362322,-0.022931019,-0.02370197,-0.0021206716,-0.006592419,0.058902618,-0.0050689303,-0.008450462,0.012838446,-0.02488785,-0.0012261904,-0.011218835,-0.003834816,0.0009335765,-0.0054591377,-0.0009157481,-0.004257498,0.0027567404
child (4).wav,-372.78864,163.80476,-40.54075,-21.461857,-16.344473,8.113257,8.129006,8.94194,10.07986,3.76984,2.479009,10.146034,-5.3731017,-0.062212482,0.041831013,0.04063755,-0.041247725,-0.01534466,-0.00040170472,-0.0013449158,0.0055352654,0.020454567,0.006617105,-0.019548673,-0.01738118,0.0014623692,0.018011855,0.00918374,0.0070118406,0.0020512107,-0.0008411665,-0.005312825,0.0027705666,-0.007936186,-0.004826815,0.001072961,0.0020076158,4.7147155e-06,-0.0059193727
child (5).wav,-351.68472,127.03478,-77.65961,8.082912,-20.541855,23.0767,3.699707,-4.005775,40.39072,-6.8863764,-3.4244952,12.735212,-18.049898,-0.02058126,0.0020584562,0.011246372,0.017800378,0.034211796,0.008835995,-0.008691669,-0.0026047165,-0.000731698,-0.016608736,-0.0038682073,-0.0069459663,-0.020136295,-0.04679847,-0.006148638,0.013557321,-0.014670867,-0.0008426389,0.00023398305,0.0021515656,-0.005273429,-0.009215943,0.0046090647,0.003993628,-0.0034501723,0.006429376
child (6).wav,-340.6886,101.17347,-76.46633,-16.525251,-15.351026,24.2972,39.687195,-1.1154542,17.614489,9.741014,-7.126652,7.6219873,9.536706,0.26128533,0.0387865,-0.17482896,-0.044801794,-0.036945377,0.04719515,0.03366497,-0.036383256,0.014518167,-0.0059244917,-0.0076518827,2.8473846e-06,-0.020129172,0.012218136,0.027837114,0.008612223,-0.018067108,-0.0075173695,-0.007041911,-0.003813784,0.003811956,0.001641315,-0.0028433122,-0.011412942,-0.004532503,0.0010804675
child (7).wav,-353.1956,147.2116,-40.16296,0.77277493,-24.120798,20.604631,7.0961885,14.401346,-7.061717,-15.806097,6.0053563,-4.3369284,0.93553275,0.030065557,-0.003198223,-0.020486644,-0.015136555,-0.026709028,-0.0013922764,-0.001350536,-0.0012017739,-0.0029898551,0.0010883007,0.024657574,0.0054975376,0.010104011,0.006369102,-0.01675212,-0.0047750957,0.009650876,-0.016005727,-0.0049973754,-0.0038120768,-0.002175647,0.0043129143,0.004900849,0.008504659,0.0002777023,0.0026936252
child (8).wav,-381.82928,139.09831,-57.925446,-2.0672562,-16.150335,28.482134,17.906101,14.940297,-13.253835,13.843794,8.240668,-7.343322,13.230405,-0.04832971,0.008322489,-0.036675356,-0.070364825,-0.010363781,0.013201104,0.04199062,0.002065898,-0.02818653,0.011980344,0.032877646,-0.05326275,-0.01197739,-0.060799696,-0.009499047,0.020619849,0.01218055,0.0094323885,-0.014412097,-0.0036922172,-0.0135496985,-0.004211398,-0.008720294,-0.008225362,-0.011112766,-0.013496323
child (9).wav,-380.87604,117.76464,-32.263245,25.515135,-3.6998286,0.83901745,14.262692,10.844629,18.141697,-9.622749,-14.869082,7.5808,1.2918826,0.22840557,0.026962455,-0.20031981,-0.01939394,0.026108393,-0.043413423,-0.035410885,-0.022597784,-0.014591967,-0.009812978,-0.0038048502,0.0055598035,-0.007918896,-0.015491238,0.0015975273,0.01257682,-0.022390366,-0.009501688,0.016220212,0.009300901,0.018561762,0.012848759,0.0086047985,0.008545233,-0.012485376,-0.0146817835
man (1).wav,-438.68134,184.12802,-41.393883,-21.372938,25.903881,-3.3229392,-4.209914,0.50462776,-12.884067,-5.0055366,6.6119475,4.604317,1.37647,0.3895286,0.23955148,-0.11168606,-0.04745111,0.031009614,-0.0031247805,-0.0031028376,-0.023411423,-0.041941278,-0.005925156,0.017970463,0.011912775,0.009640884,0.008921706,0.015356551,-0.0101186065,-0.02428636,0.010599456,0.0071299663,-0.014124701,-0.0001662178,-0.0025735113,-0.008514847,0.0087063825,0.010477956,-0.00041771648
man (10).wav,-400.2811,201.36192,-52.82404,-12.31833,14.3182955,-31.111269,-4.924692,9.529039,-6.9360085,0.3617976,-0.7725885,-7.141058,-2.6891186,0.38182265,0.21880512,-0.08241775,-0.008498821,0.051027775,-0.0010005963,-0.010551528,-0.011197398,-0.035512786,-0.010133643,0.013805309,-0.016277598,-0.028581548,-0.00051031524,-0.021321407,0.015958311,0.008488748,-0.020681068,0.0040531745,0.010783368,0.0037472113,0.00896597,0.004379015,-0.005179429,4.8127968e-05,0.008110945
man (11).wav,-381.05487,176.77736,-50.339508,9.101121,2.9841638,-49.709774,-6.122496,9.21461,-0.10215965,11.5771675,1.4645921,-1.2532717,-0.00262071,0.32810766,0.18669455,-0.057168074,0.021141743,0.0056843534,-0.0454146,0.0059416587,0.02622187,-0.002573051,0.013416837,0.008956502,-0.0006716891,0.005806465,0.016526729,0.014924765,-0.0034384711,-0.0038119967,-0.0007644079,-0.0052586338,-0.0027957482,-0.0002380617,0.004001243,0.004434189,0.0044356757,0.00075711723,0.0023211504
man (12).wav,-385.6368,189.87846,-39.308,4.447446,15.757308,-43.915157,-13.050812,15.272287,-2.7715037,3.1490371,9.324975,-4.4758205,-14.430013,0.3595327,0.23277915,-0.05076619,0.01038038,0.0064361566,-0.06254675,-0.019706257,0.007659851,-0.001961524,-0.00016024991,0.0031810796,0.006284999,-0.011107491,0.0015474145,-0.0035896022,-0.007364075,-0.0007067216,0.0033944172,0.0020441508,0.0023002375,0.0010927207,-0.004443471,-0.003951045,0.003405341,0.0044323467,0.0020964437
man (13).wav,-440.97543,177.25624,-38.041275,17.314293,18.137358,-25.538652,8.397355,-6.0717936,-0.38259023,8.087882,-2.4403307,-4.8699946,-5.248976,0.29952934,0.18071234,-0.053275656,0.012504849,0.010919948,-0.031194638,0.01881659,0.024339994,0.018328562,0.026512,0.0070402627,0.00034061426,-0.00015926041,0.004493436,0.0021517405,-0.0035750254,-0.0033458841,-0.0012709833,0.0009856435,0.006278263,0.010158529,0.008000736,0.00372719,0.0021203738,0.0028979618,0.004921923
man (14).wav,-404.45468,162.37558,-20.027231,-0.06535321,13.640734,-23.006132,-12.017135,-5.3433523,-9.783154,2.9618478,-3.5557568,-14.002581,-6.101361,0.24149308,0.18604068,0.0028969322,0.009403823,0.013022978,-0.01887756,-0.008206207,-0.013901997,-0.025254633,-0.014339983,-0.021625983,-0.021402288,4.189248e-05,0.01691976,0.008144072,-0.009555423,-0.005086301,-0.0008631946,-0.0043172734,-0.00392342,-0.0030182863,-0.0001882155,0.006641233,0.0051977355,-0.00062876416,0.0015847815
man (15).wav,-432.96783,198.50859,-15.744479,-11.117245,-0.1628985,-29.377926,-9.678848,-4.6049466,-9.551467,9.798939,7.895957,-7.295615,-8.799124,0.29093522,0.2539517,0.03960662,-0.009038848,-0.024775723,-0.05274357,-0.043257557,-0.01550086,0.0042530154,-0.0018670389,-0.0064787483,0.009771129,0.0016490025,0.0021077453,-0.0027475192,-0.006381363,-0.004320246,-0.0021740426,0.004125781,0.004346639,-0.0025045443,-0.006850041,-0.007774811,-0.0040106224,-0.0011633431,-0.00046617017
man (16).wav,-399.56894,158.31157,-21.590342,-9.1071205,25.718206,-5.4914765,-8.94595,1.1193717,-5.230858,2.8430974,10.155528,-4.915863,-14.00976,0.3291963,0.15237357,-0.13099717,0.014170336,0.06193852,0.0075761876,0.035824984,0.006209067,-0.018503664,0.0038262354,-0.00956267,-0.0048447913,0.013156123,0.0001049433,0.017666101,0.018806135,-0.014036673,-0.018787999,0.0004583309,0.007153585,0.007819563,0.00599743,-0.0029657162,-0.0037615716,0.007466339,0.0067659086
man (17).wav,-433.39703,184.82138,-29.324629,10.874492,27.72324,-34.519867,-7.1373706,17.44893,-5.60596,-10.449138,-5.294088,-9.223712,-6.240242,0.3127294,0.25257722,0.00061419606,-0.011342223,0.0036082694,-0.014879717,0.013184579,0.01866374,-0.02366103,-0.021994071,-0.01281655,-0.009588899,0.0054801353,-0.012738834,-0.0045275395,0.010088304,0.0013145006,-0.00016766042,-0.00047846936,-0.00090104237,0.0060097245,0.0109569775,0.00014004085,-0.0039914376,-0.0033256337,-0.0040129772
man (18).wav,-417.39337,190.68709,-52.148975,4.1519346,31.14599,-33.241802,-4.1196694,24.337383,-2.888674,-3.7064512,-4.3113294,-20.61289,-16.426908,0.25083464,0.19211121,-0.0035307815,0.00043118978,0.0053741178,-0.026685093,0.0036180585,0.020199837,-7.9575766e-05,0.01016476,0.023721289,-0.00032576753,-0.029776258,-0.0015721258,-0.0022400124,-0.0015754774,0.002107829,0.0052500423,0.0028080333,0.0007112264,0.00034274813,-0.0020566087,-6.571524e-05,0.0047536986,0.003957275,0.0039013333
man (19).wav,-374.66138,187.14351,-38.58779,-21.703407,34.641777,-12.973478,-34.53863,-4.3270802,-7.8036404,-26.787457,-10.7213745,6.7533455,-4.598906,0.25006983,0.19472453,-0.02742586,-0.026703417,0.04731946,0.0071393265,-0.03961999,-0.008195532,0.0065832497,-0.013771212,0.0011777984,0.023012895,0.0037695635,0.0056423284,0.005496581,-0.0014858235,-0.00823827,-0.0076525086,-0.000796939,0.004369812,0.005040845,0.0036654074,0.0008049549,-0.0021393402,-0.0010616493,0.0030451068
man (2).wav,-402.15106,170.4665,-43.664726,-4.6817155,7.093738,-38.086056,-3.992454,12.314208,-3.3801565,8.89034,3.6368797,-9.569946,-3.9633741,0.28324908,0.21028163,-0.020891668,-0.016884059,-0.0016263978,-0.034873433,-0.014116416,0.0054803756,0.0060267057,0.0033761954,-0.01944967,-0.014290631,0.013902988,0.01735199,0.028429003,0.009642581,-0.01510257,-0.002286521,-0.0039032379,-0.02444582,-0.008212385,0.008564735,-0.002890486,-0.0064740228,-0.0070960843,-0.008542863
man (20).wav,-395.57202,174.061,-37.1515,8.5160675,11.471626,-42.002598,-10.20637,-1.7880062,-21.885923,-0.702597,9.858916,-0.13929182,-3.817259,0.34411377,0.25533396,-0.029979076,-0.03420617,-0.017544953,-0.049921192,-0.020040382,-0.014670157,-0.047385175,-0.027502451,0.010871047,0.011606247,0.0023451494,0.0018543453,0.0035903002,0.0092367325,0.0060144225,-0.0012132527,0.005984075,0.0038914743,-0.0035692852,0.0020842585,0.0017486659,-0.0007352691,0.0010398815,-0.0019094017
man (21).wav,-392.38678,181.51761,-14.701091,-21.494598,1.5050137,-14.77757,-9.179106,-14.128083,-23.030104,-6.8842998,2.7708967,0.49256542,2.4751506,0.179575,0.15052022,0.01024649,0.0022736264,0.026671711,0.009397289,-0.0005395015,-0.00875263,-0.017647622,0.0046372907,0.019244988,0.0028084202,0.00015524447,-0.007475935,-0.0072900224,0.0020429664,0.0053748535,-0.0007218426,0.002059866,0.009364336,0.005650085,0.0004006653,-0.0005127006,-0.00096364634,0.0027629917,0.006074998
man (22).wav,-467.28043,171.25412,25.46712,-1.2159549,7.334017,-4.337205,-4.5874624,-8.897981,-15.064309,-1.8786857,8.744105,4.597982,1.0104282,0.2172377,0.18525963,0.018346319,-0.0099593215,0.0014589789,0.005515942,0.01642416,-0.00701493,-0.023801686,0.007232038,0.023911512,0.010892167,0.005391536,0.012035105,-0.009840555,-0.027747145,0.003094699,0.01740946,0.0020305817,-0.0015198092,-0.0010099127,-0.0051936912,0.0038844652,0.012416473,0.001422725,-0.010321157
man (23).wav,-379.11954,180.3323,-50.983463,-12.941536,8.620581,-33.600365,-10.575664,-4.9220343,-23.802816,-7.239412,4.3896165,-0.8900332,-3.1798348,0.45562825,0.27061516,-0.11038436,-0.03824108,0.0042206002,-0.04724867,-0.031894293,-0.020561533,-0.02831205,-0.013342262,0.0076760026,0.03065923,0.019161334,0.0073483493,-0.0037602868,0.00883249,0.011566944,0.007316047,0.014907517,-0.0009357133,0.0011184866,0.009290734,0.0058725947,0.007897117,0.0020005046,-0.007390716
man (24).wav,-409.62192,197.63216,-1.8766825,-10.769998,7.5701675,-18.513315,-5.559137,1.7123148,-24.160831,-21.788746,-2.1881044,1.2404908,4.5441775,0.32718915,0.23578875,-0.034884464,0.0012539625,0.046555016,-0.018579109,-0.014084705,0.010004736,-0.025709745,-0.03273715,-0.0014004739,0.0013264583,-0.020206185,-0.007480931,-0.0060652024,0.002241422,0.005592444,0.0005004763,-0.006559101,-0.0049824705,0.0021764657,0.0048848367,0.004458668,0.0035258536,0.0014988509,0.001186339
man (25).wav,-376.9769,160.1909,-22.114164,8.739513,33.284275,-15.335396,-21.949114,-11.746896,-15.960775,-5.308869,8.415429,4.410108,-3.6775537,0.30556262,0.23304878,-0.021355554,-0.029832857,-0.006690774,-0.04280546,-0.034302987,-0.012628709,-0.0056588454,0.00420689,0.0105621405,0.031056834,0.033034317,-0.01233576,-0.004357754,0.015494033,0.011400607,-0.004434208,-0.0020762065,0.003589561,-0.00097156264,-0.00059850636,0.0002671611,-0.002124315,0.0005965242,-0.001385689
man (26).wav,-448.58942,196.09032,-5.833637,-21.420422,8.087589,-15.283678,-21.098148,-6.9004135,2.048851,2.4029527,-0.73604465,3.2375607,6.2163405,0.34072956,0.21665207,-0.060026634,0.011724718,0.044350356,-0.031830367,-0.016562462,-0.022503974,-0.04057757,0.005112326,0.025266012,-0.006356702,-0.018341955,-4.407459e-05,0.014641883,0.004918502,-0.020992097,-0.0043753143,0.0031763639,-0.010116055,0.00039323885,0.002243354,-0.011417511,-0.011823826,-0.0037204355,0.0017526831
man (27).wav,-429.08014,199.1553,-37.5625,14.214135,32.88811,-30.92231,1.9668843,15.071596,-20.85088,-7.210319,5.8378196,-20.304264,-13.862938,0.24617049,0.19078584,0.010771086,0.02139022,0.033644095,-0.011455383,0.011894662,0.015153913,-0.01934388,-0.010488705,0.011252555,-0.0069949697,-0.0033296826,-0.0308463,-0.019132156,0.012818874,0.0088048065,-5.701868e-06,-0.0022351725,0.0014957925,0.0074042026,0.006382798,-0.00216678,-0.0005337989,-0.00062210415,-0.005493168
man (28).wav,-394.63797,188.00946,-20.448923,-0.08604661,18.440798,-24.151735,-10.9029045,-1.1176891,-19.837158,-5.0833173,11.808345,3.4088502,3.731586,0.2679367,0.20447415,0.0073866635,0.035092037,0.04655006,-0.0020430954,0.011980719,0.017834859,-0.0044826134,0.003862514,0.011558726,0.00478299,0.002928545,-0.009070471,-0.010174543,-0.0034645326,0.0012494911,0.0010611663,0.0014589477,0.0030106187,0.0033162218,0.0042695533,0.0044087474,0.004185852,0.006766086,0.0053435415
man (29).wav,-418.9606,177.46576,-54.987602,-7.3613434,36.152702,-24.827269,-12.84967,17.87613,-9.663532,-12.770516,9.45155,-4.5839443,-15.662181,0.31717008,0.22330213,-0.038404625,-0.040668815,-0.0111995945,-0.01650301,0.014283717,0.010693109,-0.027229063,-0.018791927,0.014584682,-0.00095089135,-0.009375616,0.046649504,0.02351469,-0.018589893,-0.010057493,-0.01327304,-0.0038658702,-0.0052373363,-0.0061890413,-0.009222294,-0.0055330754,0.003338123,0.003777949,-0.0022988473
man (3).wav,-347.37173,168.67902,-84.00722,-15.780541,23.62082,-39.863613,-13.707923,18.766775,5.9222455,12.074466,4.854698,-11.109024,-5.314505,0.36481774,0.19285591,-0.15264226,-0.029324891,0.06397297,-0.041839845,-0.051780134,0.0048113614,0.026544278,0.033787142,0.002383728,-0.019827602,0.0036488164,-0.008506606,0.003269288,0.01630864,0.004817031,-0.0018516545,-0.0011253303,-0.007877353,-0.009670893,-0.008854153,-0.013794935,-0.008282255,0.003719941,0.007908512
man (30).wav,-418.0547,206.3591,-33.863834,-2.050801,19.513784,-17.567633,7.747388,2.8351245,-24.09181,-9.496787,1.3097177,-6.4998946,-3.6299765,0.29809237,0.190169,-0.037799742,0.015056436,0.024722232,-0.004810132,0.024052933,0.018869149,-0.012761264,-0.01325704,-0.011279723,-0.011725311,0.0006206454,0.014608307,-0.0110927215,-0.01662378,0.006687761,-0.001561564,-0.004311421,-0.0061405883,-0.0013516828,0.01056917,0.00937675,0.0048995093,0.0020027878,0.00034642272
man (31).wav,-505.6854,178.45383,-20.498255,-15.160612,20.034254,0.94943994,3.0738883,2.9950242,-6.9428425,-5.9271297,-4.5612464,-3.6480725,1.9439731,0.18575773,0.16332217,0.022932023,0.0054867226,0.02898818,0.02122682,0.016880699,0.010751258,-0.005005619,-0.0016410646,0.006341123,-0.0003038787,-0.0017554243,-0.0025541608,-0.0044648633,0.0012386033,0.0050030127,-0.0067324294,-0.010338421,0.0009927048,0.0038765627,0.0016419418,0.0021721576,-0.00054983335,0.0033091065,0.012632407
man (32).wav,-435.2041,185.01141,-41.855133,-7.889603,39.628044,-13.059845,-20.695358,0.82092845,-9.838984,-13.838372,-2.4203827,2.4393656,4.967905,0.30454683,0.2242204,-0.028227245,0.0065334537,0.06358919,-0.002414064,-0.030916076,-0.02009514,-0.030865364,-0.023962175,-0.014874367,-0.012468426,0.010604412,0.0024590355,0.005080037,0.0031102123,-0.00091791846,0.0038557162,0.005039559,-0.0015015804,-0.0023726735,0.00050749956,0.00082880433,0.0048526353,0.0061608157,0.001568381
man (4).wav,-426.5718,186.61945,-36.832836,-13.895998,14.946197,-17.417412,2.2869432,10.150976,-4.979911,1.5062683,-0.007982422,-16.302748,-17.901403,0.32329652,0.2331442,-0.036319565,-0.009985516,0.027738243,-0.020359851,-0.0047091087,0.0039695837,-0.027701613,-0.008605219,0.0065201665,-0.021892473,-0.020656044,0.00016631474,-0.005898386,-0.0028512352,0.009067819,0.009245753,0.0084257955,0.004448419,-0.006846878,0.00050604163,0.0107334,0.0009891355,-0.0064045605,-0.005976906
man (5).wav,-396.54532,189.92696,-58.473396,-6.4318695,18.255604,-33.46031,-2.3807588,14.754315,-9.437237,-10.766363,-7.4345512,-8.711658,-2.9929423,0.30346474,0.23019917,-0.023817934,-0.029082684,-0.0054671434,-0.036933936,-0.005584418,0.013032673,-0.020392494,-0.01670054,-0.00501139,-0.017810768,-0.0059631313,-0.0035336022,-0.0002849802,0.0047437483,0.002999867,0.0022521976,0.0034354285,0.00038717152,-0.0014706325,0.002644144,0.004765338,0.0022840842,0.0018662172,0.0044195694
man (6).wav,-376.30356,195.20848,-17.146225,-33.173252,5.7303185,-4.6751685,-23.708916,-29.378117,-10.64968,7.8272657,4.7447,5.093974,5.285549,0.31095842,0.25844243,-0.017251663,-0.07313918,-0.004815217,0.004828582,-0.027708955,-0.043030206,-0.04054184,-0.020633513,0.0002539383,0.011956305,0.011515456,-0.0027762905,0.0013763873,0.005073475,-0.0051314794,-0.008208904,-0.0024326537,-0.0009116257,0.003411071,0.0032292276,0.0017975089,0.0019285831,-0.0019019183,-0.002246014
man (7).wav,-338.4899,185.57674,-83.24766,-5.153593,-16.616146,-25.671068,-4.4729404,-1.2564927,8.615676,-3.486724,1.4592214,-8.581418,-19.849499,0.4189084,0.21490146,-0.1121207,0.0015733385,0.0030649253,-0.012260705,0.01523439,-0.0017923812,0.01919949,0.008015774,-0.015708404,-0.009959885,-0.015362714,0.00012961935,-0.0003129228,0.0011527438,-0.005469178,-0.00043306398,0.008701893,-0.0020453772,0.0011435895,0.0017611821,0.0021898109,0.009428214,0.0006273366,0.003086089
man (8).wav,-302.61996,199.14163,-105.26821,5.6824636,-4.030027,-25.331066,-5.8741913,-2.419006,-1.1148416,-20.995611,-10.846799,-8.965147,-5.79189,0.45750803,0.21556345,-0.10737711,0.0050957045,-0.01094192,-0.008421689,0.0033057712,0.006832244,-0.010268691,-0.02717223,-0.009808421,-0.006431913,-0.00053875643,0.016040754,-0.0068429313,-0.0051814,-0.0015380578,-0.008316245,0.0024645724,-0.01235709,-0.001064676,-0.0046518003,-0.006572119,0.0026686431,-0.004997655,0.00047639164
man (9).wav,-463.59192,170.20073,-18.454897,6.673656,10.843025,-23.462244,8.908643,16.212742,-4.5317793,1.323035,2.47197,-6.107562,-9.120961,0.38098398,0.21750422,-0.106740355,-0.0072785644,0.02206054,-0.039648708,0.016656483,0.019480344,-0.01430855,0.01102821,0.010420665,-0.0047178236,-0.0056695,0.0071998024,0.0034503473,-0.0023850244,-0.00087211456,-0.0035223383,-0.00619159,-0.008608523,-0.006176215,-0.001560851,-0.00166908,0.0019365208,0.0060371407,0.00096352625
women (1).wav,-308.8996,107.07356,-88.66077,-6.512522,-10.97821,-21.708302,8.479874,1.9844633,-10.134515,15.642153,2.1977174,1.5140787,10.209294,0.39907807,0.20360102,-0.093304835,0.036415868,0.05515959,-0.009840195,0.0023250312,0.0147643685,-0.008830018,0.040282313,0.023299836,-0.016883312,0.022606237,0.0048443764,0.013740788,0.012251977,-0.0064920792,-0.010540461,-0.008243148,-0.015416047,-0.011376503,-0.009330347,-0.008185774,-0.0019336509,-0.008388078,-0.009736419
women (10).wav,-231.6201,114.644424,-91.66692,5.8347383,-22.653591,-28.201857,-1.6996051,-5.511495,-18.571938,11.750765,-10.637935,-1.9868268,13.989456,0.45906585,0.1588664,-0.115994066,0.08689588,0.05309121,-0.030513572,-0.04705456,0.0069562257,0.018964922,-0.00012866859,-0.009017115,-0.0011135516,0.0044744024,0.008241925,0.0066859815,0.012833858,-0.00798393,-0.009968927,0.0019825941,0.0037007332,-0.0052746534,0.0015348786,0.01293288,0.0041146874,0.0030624366,0.000119132914
women (11).wav,-272.07965,96.16318,-64.62783,-3.0808418,-35.97198,-16.454454,1.5415305,-5.265378,-9.329834,16.775248,-7.6209235,2.8545418,20.595448,0.23599169,0.1454229,-0.005653566,0.03831715,-0.013504802,-0.025257032,0.027584706,0.0033148124,0.00335801,0.036594633,0.0024697753,0.0059482316,0.028444972,0.0284125,0.014020615,-0.007144118,-0.013559349,-0.022380529,-0.01493072,-0.009134235,-0.009314639,-0.008821783,-0.008650146,-0.015302348,-0.0116537325,-0.0068859514
women (12).wav,-198.8675,124.15218,-81.15897,-5.589812,-17.517235,-25.259968,-11.909517,4.6056795,-26.238737,8.097727,-0.6280532,-10.772037,10.51617,0.44930273,0.19943886,-0.14631276,-0.09002274,-0.024431165,-0.01106978,-0.0058340505,0.048244726,-0.028651308,0.01419677,0.02567059,0.033760127,0.008355545,-0.0120445695,-0.010285224,-0.0028142086,0.008909555,0.005922979,-0.005584083,0.0013873444,-0.0068294695,0.00222332,0.0024356882,-0.006123762,-0.0015834334,-0.0066537354
women (13).wav,-251.18517,115.00482,-71.983086,4.431357,-14.275451,-39.691235,-1.2399236,-2.8705418,-15.312237,14.281987,4.114189,1.5410955,18.21887,0.32657644,0.16101539,-0.04607191,0.06370675,-0.0075909384,-0.034807164,0.043625318,0.0139448,-0.014242043,0.035180885,0.020248784,0.0010850906,0.013982427,-0.039823346,0.038338788,0.03978783,-0.037012532,-0.009602133,-0.008828507,-0.013567551,-0.005926606,0.008040535,-0.006714078,-0.014055574,-0.0051203878,-0.0047252043
women (14).wav,-223.15746,126.523796,-93.93209,-0.9916508,-25.005735,-20.538546,-0.9458862,-9.794431,-19.7133,21.666737,-7.9793754,-7.627866,14.37085,0.34645402,0.1836464,-0.02789157,0.036339592,-0.00087026274,0.008833815,0.03871425,0.01927928,-0.012106113,0.02689916,0.0013231183,0.0041085184,0.0354984,0.00032318055,-0.00078176724,0.008857682,0.006611494,0.002020613,0.008208021,-0.003125845,-0.0014334392,0.005873739,-0.0021879934,-0.003317707,-0.003036182,-0.003306176
women (15).wav,-311.5337,96.25738,-48.19661,-5.3327603,-30.4069,-13.782561,8.389849,2.4809608,-5.475152,17.3077,-0.47629368,-1.6157997,15.107529,0.13662222,0.104280286,0.0010812924,-0.009668468,-0.01873679,0.0011081221,0.040161967,0.024310894,0.009920957,0.011417506,-0.0011901663,0.012467289,0.022963451,-0.03459952,-0.03680427,-0.02130723,-0.015758803,-0.0061265123,0.0029803878,0.003207794,0.00042595586,-0.0047335397,-0.0074768453,-0.0013624128,0.0031981433,-0.0016650526
women (16).wav,-262.84125,88.930405,-79.924225,-8.444144,-17.80018,-26.908175,-2.5349817,10.013759,-15.2576065,2.8110561,6.156368,-10.405208,6.444647,0.24145128,0.17813665,-0.009732667,-0.009047601,-0.017292053,-0.01731175,0.044040155,0.04399056,0.0018869952,-0.0074353414,-0.002489942,-8.6433945e-05,0.013375168,-0.04756895,-0.012233285,0.024005065,0.00055854546,-0.009727411,-0.019970566,-0.0069746906,0.0030304873,-0.0028352675,-0.00065794686,-0.0031533756,-0.008393688,-0.0051245997
women (17).wav,-261.2149,123.41269,-65.57108,-24.562359,-35.651917,-29.981438,3.2017896,-9.149454,-10.915365,15.615446,2.5505328,-2.7988012,14.423592,0.15856384,0.14290506,0.018533621,-0.007117603,0.0061454815,0.008830604,0.016300067,0.005636973,0.0055502923,0.009302907,0.008038726,0.019696957,0.013211122,-0.00087789935,0.002794235,0.0040191896,-0.008378286,-0.011989857,0.0012469298,0.002359272,-0.0035254788,-0.00041689802,-0.0011530579,-0.0020576455,0.0027937172,-0.0013126172
women (18).wav,-252.60811,139.14357,-72.626114,-40.385773,-29.328695,-34.509293,-5.779618,-12.464381,-6.5087066,4.9127398,-5.052709,5.016842,8.952085,0.32183146,0.188957,-0.07376114,-0.0037100199,0.011820075,-0.03006973,-0.020187873,-0.016086172,0.009786584,-0.0005113271,-0.01980745,0.020768318,0.019760543,-0.031623207,-0.008394665,0.017370015,-0.003740774,-0.0050291605,0.001648952,-0.00011867278,-0.0026972906,-0.009315378,-0.010415465,-0.01413265,-0.013654333,-0.0016734592
women (19).wav,-229.99362,131.18774,-88.21638,-19.701918,-18.152315,-36.7864,4.011617,-6.547111,-5.452801,5.073191,-13.28466,2.7412987,14.467686,0.25027066,0.17234826,-0.021654854,-0.019027865,-0.05173703,-0.04605165,0.03895579,0.038784996,0.02428793,0.034001864,0.008217312,0.010640416,0.019108366,0.016026499,-0.0036071334,-0.017890785,-0.0027678276,-0.01001677,-0.007846039,0.0009877835,-0.010731246,-0.006636091,0.0015447725,-0.0109126065,-0.016027164,-0.013618384
women (2).wav,-282.99933,130.43893,-93.04932,1.7200072,-19.138296,-29.26555,18.087454,-16.414429,1.7959678,15.804692,-15.852591,12.837538,10.959183,0.24005006,0.107584774,-0.07153671,0.0295639,0.0071260436,-0.0016850415,0.05756882,0.009006043,0.009454083,0.033016935,-0.007587936,0.0076549225,0.017104266,0.010615088,0.014195564,0.015567594,0.017018598,0.013124509,0.0071436563,0.00331248,0.0049388497,0.005921893,0.0007259333,-0.0008112777,0.0016101314,0.001187148
women (20).wav,-264.19543,136.0426,-64.71079,-32.820255,-34.03944,-31.448084,4.0690675,-13.0833435,-11.585331,13.980611,-3.169485,-1.1498078,14.253226,0.32327613,0.08507104,-0.0125494925,0.07505693,-0.06964483,0.049677968,0.04846291,-0.0027135292,0.003630246,0.032777395,0.00028448773,-0.011212694,0.01700473,0.02815238,0.00077092316,0.027738124,0.03548397,0.005426564,0.019668642,0.010436277,0.025385562,0.011492841,0.005411811,-0.0044323257,-0.004014245,0.007782569
women (21).wav,-226.01743,165.80919,-66.71213,-28.538368,-31.856646,-37.32027,-5.8357606,-7.5310583,-21.444958,3.3806205,-10.785345,-11.75976,14.806647,0.28276688,0.109466456,-0.06578196,-0.001944978,-0.069686405,-0.022660676,0.030071165,-0.022498358,-0.009418379,0.017736698,-0.03379848,-0.014629918,0.01319865,0.03141128,-0.030485671,-0.012042158,0.021971582,-0.0202714,0.0004674445,0.0034024715,-0.003577078,-0.00092802785,0.00079197215,-0.0088940095,-0.006157205,0.00806337
women (22).wav,-247.32526,164.53888,-49.532074,-25.561811,-35.569065,-32.81512,-7.798483,-12.9696,-17.184217,1.9847362,-16.838682,-8.863073,15.008014,0.3601069,0.23320027,-0.02760729,0.005346097,0.016826337,0.02790464,0.02874863,-0.008152246,-0.012200403,0.01833547,-0.00073033036,0.0023212582,0.029173689,0.001350026,0.0005008717,0.0031811749,0.011239957,0.0089756185,0.0011251076,-0.0016244117,0.0014074796,0.0064028185,0.0021412624,-0.0010858643,0.00089365395,0.002121013
women (23).wav,-244.21318,108.81763,-83.04623,-2.3203294,-43.338768,-35.611645,2.547545,-7.5153522,-14.9537115,16.913292,-3.1133063,6.34603,25.003881,0.39675072,0.18669808,-0.11264732,-0.016773174,-0.06452281,-0.062068272,0.036987375,-0.0011771595,-0.026673285,0.019241063,0.014024278,0.021517633,0.022823086,0.06130214,0.021758951,-0.0025564684,0.006356596,-0.0022542814,0.008264033,0.0035801202,0.0018433356,0.0037115163,0.015935484,0.0071803466,0.0027326688,-0.0019255105
women (24).wav,-251.9525,139.02585,-87.10004,-35.825027,-15.315307,-38.547432,-4.144673,-4.7431617,-14.184367,5.627868,-4.3566666,-2.9274378,10.800666,0.24423945,0.11873596,-0.07404822,-0.014060877,-0.04644229,-0.032036234,0.03227797,-0.026128678,-0.018784335,0.02512598,-0.01364519,0.0042512054,0.014934446,0.040804043,0.013195529,-0.018967075,0.004181951,0.0063795494,0.005707543,0.011014055,0.0037784532,0.0028801963,0.002564756,-0.0028626022,-0.0010214685,-0.0027678087
women (25).wav,-245.9386,104.54067,-94.13534,-6.6591315,-23.014425,-29.281195,6.7910967,5.225941,-16.360258,13.958726,-0.3548332,-11.422339,12.6951885,0.04073461,0.03385876,0.012493621,0.0077625643,-0.007417881,0.0115010245,0.036683016,0.017471435,0.01765639,0.03034818,0.0111667765,0.008029952,0.011764004,-0.03302308,-0.03077581,-0.005823458,-0.0061681494,-0.014961228,-0.00632077,-0.0023043335,-0.0059178085,-0.001972986,-0.0035845304,-0.0075437967,0.00034032893,0.0038155122
women (26).wav,-254.36018,101.923256,-77.884544,-1.1402751,-33.78151,-28.616854,-8.021402,-0.50174165,-18.751558,4.400192,-1.1978921,-9.932639,16.133171,0.23231891,0.1807563,-0.0007343445,0.006019079,-0.0047290283,-0.013159827,0.03142446,0.017138064,0.017890556,0.026905823,-0.0029083972,0.005708378,0.039424177,0.0050872103,-0.008993089,-0.010627297,-0.0065869675,-0.008120408,0.0012091193,0.010648124,0.012535018,0.00015417716,-0.003050104,-0.0042844955,-7.191392e-05,0.005117027
women (27).wav,-230.8336,127.593834,-64.80061,-10.13117,-43.125828,-41.12562,-1.3671038,-2.0869365,-28.071054,10.237886,-5.1244097,-7.7075934,15.356287,0.3364579,0.13605483,-0.08178398,0.032171294,-0.01642657,-0.02072983,0.033830825,0.016026711,0.0029349101,0.039228123,0.027394027,0.018592788,0.029047575,0.015139642,-0.024692519,-0.02262726,-0.009222837,-0.0066353464,0.0073796227,-0.011806359,-0.0070853513,-0.0053952164,-0.00086580665,0.0042945268,-0.0040059425,-0.007795138
women (28).wav,-249.0437,115.410355,-93.577446,-1.5343119,-31.9027,-43.916588,11.907675,-5.4804735,-19.133204,10.730907,-2.6613836,-2.6123927,7.1250467,0.43918344,0.16027056,-0.16203466,0.018497437,-0.02497469,-0.065052755,-0.009326442,-0.015422435,-0.039515994,-0.003428611,-0.007868745,-0.025832798,0.022710618,-0.003493206,0.023873778,0.016233291,-0.010891255,-0.003318661,0.0033651951,0.004108101,-0.012343954,-0.0037209203,0.0024724437,0.0021473675,0.0014899729,-0.0057428414
women (29).wav,-259.6088,101.4605,-108.28242,2.3620548,-17.354786,-27.059599,18.382906,-6.750133,-7.616912,18.313627,2.4134097,8.708941,15.913858,0.3952016,0.15016598,-0.16130264,-0.013583725,-0.031711932,-0.02261541,0.03664982,0.0022793747,0.0028061536,0.033958588,0.016153911,0.011525447,0.032036584,0.01457418,-0.000635087,-0.0055810977,-0.009536007,-0.012048496,-0.006398307,-0.0075540696,0.0029017478,-0.005917743,-3.92411e-05,0.000703321,-0.0035555095,-0.00035787575
women (3).wav,-246.96574,101.00611,-87.02459,19.359564,-30.424797,-26.375034,8.226457,-3.9250867,-12.972603,7.9375253,-5.8856926,-1.0020843,15.449168,0.4533311,0.040131073,-0.13426071,0.11308521,-0.020264778,-0.020588659,0.05926571,0.021029355,-0.00053759734,0.035629354,0.005858239,0.00651353,0.021092618,0.03830263,-0.017677883,0.0020077657,0.009321578,-0.002205584,-0.018403968,-0.0093296785,-0.011817399,-0.0055594537,-0.011051653,-0.00790767,-0.0029480667,-0.007236132
women (30).wav,-227.85164,114.34861,-107.81921,-21.553453,-25.352959,-28.603941,3.5517564,-3.3912585,-10.128049,7.652687,-6.659209,2.342114,9.822167,0.45480224,0.19166435,-0.1677308,-0.060744528,-0.06918447,-0.024119597,0.022616055,-0.033053193,-0.039919637,0.017935434,0.0045215073,0.0017292524,0.0098209055,0.00035119965,0.0199853,0.017680416,0.0051502082,0.0074308948,0.012738587,0.027123794,0.013895954,-0.002753935,-0.017009895,-0.0064870603,0.007613237,-0.0074010324
women (31).wav,-256.85532,138.49615,-94.201744,-22.299288,-9.452168,-30.818592,4.020077,-6.2964835,-11.335949,5.1733966,-4.53555,2.270766,7.5963902,0.11411103,0.08228656,-0.005869467,-0.008564138,-0.010056254,0.007822972,0.028260782,0.0036152648,-8.624974e-05,0.00871523,-0.0049357098,0.0061251647,0.0147079015,-0.010069852,-0.004015973,0.0076090777,0.0018263727,-0.0064641056,-0.0030044764,0.0039985166,0.0056289574,0.0023096295,-0.0005331504,0.0007345876,-4.651957e-05,-0.004002171
women (32).wav,-366.52426,72.15336,-54.57809,-5.702655,-14.379162,-9.76581,10.106298,0.87983555,4.572895,13.315809,1.289416,6.1222725,15.663755,0.29389784,0.1928167,-0.042639833,-0.0080016,0.017692665,0.0114441775,0.017178347,-0.006131096,0.0036040768,0.02014072,0.0007899088,0.006727112,0.018254371,0.0064493762,-0.015706189,-0.024669496,-0.0118635595,-0.013058578,-0.006845077,-0.0115299225,-0.021801615,-0.02623836,-0.017468836,-0.004868834,-0.0038389529,0.0029024975
women (33).wav,-232.05795,118.27802,-110.422775,-21.274605,-28.960121,-30.63781,-1.3286544,-6.550147,-17.54169,14.483004,-1.215186,-2.3646436,15.166857,0.46938488,0.11470333,-0.09718205,-0.018956883,-0.036038388,0.02707353,0.01787156,0.035145722,-0.011317175,0.06056125,-0.017045885,0.015361597,0.033507407,0.0034722048,0.022927912,0.023019606,0.014640511,0.01247607,0.0072874897,0.012420617,0.01107194,0.0120464405,0.0025297177,0.005990653,0.0031686714,0.00079820043
women (4).wav,-273.0576,131.8224,-76.746826,-1.7613708,-13.994569,-23.595303,21.95672,-4.6297607,-7.353396,8.886579,-7.405568,1.5290442,7.8896813,0.37296328,0.15799741,-0.10147629,0.06258046,0.03286983,-0.012250184,0.0151189165,0.01804805,0.031156216,-0.003707403,-0.016284406,0.0125802215,0.023357151,-0.02666758,0.0023405033,0.041639112,0.0050886185,-0.011261687,0.010602285,0.007886163,0.0019111172,0.00096890493,0.011306651,0.01685169,0.014926546,0.011036407
women (5).wav,-235.23856,116.941025,-81.939644,2.8408859,-27.884209,-25.821585,5.657773,-4.810896,-11.139293,10.221141,-5.2135644,-0.403042,17.107944,0.5324284,0.23751688,-0.14091976,-0.043116376,-0.055745475,-0.030145125,-0.0032665215,-0.0054204585,-0.027799202,0.03782523,0.018952146,-0.016147371,0.017441018,0.03270503,0.016298858,0.0045237695,0.00039642042,0.0030974178,0.0027144968,-0.00722372,0.009415724,0.0129979905,-0.0048113298,-0.00436866,-0.005261947,-0.008652524
women (6).wav,-210.65886,113.83287,-129.07048,5.753332,-30.012182,-33.67166,1.5944093,-11.967798,-9.470374,8.318632,-5.6516457,-4.579386,18.881413,0.3603603,0.17093767,-0.085859336,0.03443731,0.0026731796,-0.02101071,0.033962693,0.017452527,0.008851447,0.029862797,-0.0069088656,-0.0019359993,0.026112156,-0.008937993,-0.020394843,-0.0148994345,-0.0032240355,-0.008143318,-0.011990544,-0.011536224,-0.009272661,-0.012156832,-0.012730677,-0.0058878823,-0.0018810313,-0.009428283
women (7).wav,-220.29228,107.23296,-87.94334,4.946623,-28.12586,-23.387589,-0.9823063,8.904114,-16.785318,9.282605,0.4673867,-1.3374106,29.159386,0.21119876,0.11630019,-0.011061545,0.028011756,-0.008012917,0.005414352,0.029443316,0.003055815,0.00034767383,0.02880982,0.007144427,0.006158681,0.021983951,0.0016005037,-0.0036638365,0.0052222274,0.009336982,-0.002870969,-0.002755364,-0.006089975,-0.00921409,-0.006966381,-0.005453894,-0.004501445,-0.00013694778,-0.00090886303
women (8).wav,-216.23041,107.73078,-91.75909,-18.220053,-34.157276,-28.670614,-3.716809,-2.340879,-17.865845,14.829493,-4.091514,-3.4583948,15.141938,0.33181062,0.14885627,-0.058090918,0.023412388,-0.010377218,-0.0131519,0.016520932,0.010546035,-0.008617535,0.0217807,-0.0147840185,0.011147804,0.03369956,-0.025702532,0.012927882,0.018243516,-0.009951114,0.008790554,0.011516912,0.017673511,0.0048195384,0.0008373636,0.010283109,0.0037123638,0.0016256677,-0.0003468073
women (9).wav,-246.95712,113.80204,-83.722275,-2.281617,-20.856434,-34.36449,-0.60696965,-6.309261,-11.782835,17.812016,-9.107687,-0.45047036,12.699594,0.46959856,0.25684503,-0.058560256,-0.002939966,-0.00969844,0.00060258457,-0.0021377453,-0.030001309,-0.00058159186,0.048317377,0.015314327,0.016732534,0.01013947,0.056338467,0.068781644,-0.011114995,-0.022694495,0.0020012506,-0.013285939,-0.008687827,-0.021784306,0.010137233,-0.0058178366,0.00747336,-0.00082219305,-0.016237563
